"Para compreender o porquê de uma falha num sistema complexo através das suas saídas, deve-se implementar práticas de {{c1::observabilidade::capacidade analítica}}[span_0](start_span)[span_0](end_span)."
"Na monitorização de infraestruturas, a recolha de dados agregados numa janela de tempo para deteção rápida de anomalias é conhecida como recolha de {{c1::métricas::tipo de dado}}[span_1](start_span)[span_1](end_span)."
"Para auditorias de segurança detalhadas, como falhas de autenticação, a melhor abordagem é analisar os {{c1::logs::tipo de dado observável}} do sistema, que representam o registo histórico de eventos[span_2](start_span)[span_2](end_span)."
"Para identificar gargalos de latência numa arquitetura de microsserviços, deve-se acompanhar o ciclo de vida ponta a ponta através de um {{c1::trace::linha do tempo da requisição}}[span_3](start_span)[span_3](end_span)."
"Ao desenhar métricas, um elevado número de valores distintos numa etiqueta aumenta o custo de processamento e armazenamento, fenómeno conhecido como alta {{c1::cardinalidade::conceito de dimensionalidade}}[span_4](start_span)[span_4](end_span)."
"Para garantir que a maioria dos utilizadores tem uma boa experiência em vez de olhar apenas para médias, utilizam-se métricas baseadas em {{c1::percentis::conceito estatístico}}, como o p95[span_5](start_span)[span_5](end_span)."
"Para evitar o vendor lock-in e unificar a geração de métricas, logs e traces numa única interface de comunicação, a arquitetura deve adotar o padrão aberto {{c1::OpenTelemetry::framework de telemetria}}[span_6](start_span)[span_6](end_span)."
"Em arquiteturas que executam tarefas de curta duração (jobs temporários), o modelo de recolha de métricas mais adequado é o de {{c1::push::modelo de envio}}, onde a aplicação envia ativamente os dados[span_7](start_span)[span_7](end_span)."
"Quando um agente central precisa de ir buscar métricas periodicamente aos serviços de forma controlada, utiliza-se o modelo de {{c1::pull::modelo de recolha}}[span_8](start_span)[span_8](end_span)."
"Para viabilizar a análise histórica e reduzir o consumo de armazenamento a longo prazo, deve-se aplicar a agregação de dados de séries temporais conhecida como {{c1::rollups::técnica de compressão}}[span_9](start_span)[span_9](end_span)."
"Num fluxo de rastreio distribuído, a identificação única que representa a requisição inteira ao longo de todos os serviços na arquitetura é o {{c1::TraceID::identificador global}}[span_10](start_span)[span_10](end_span)."
"Num rastreio distribuído, a identificação de operações individuais e do tempo de execução dentro de um serviço específico é feita pelo {{c1::SpanID::identificador de operação}}[span_11](start_span)[span_11](end_span)."
"Ao avaliar a eficiência de uma aplicação em APM, a métrica que indica o volume de requisições processadas por unidade de tempo é o {{c1::throughput::métrica de desempenho}}[span_12](start_span)[span_12](end_span)."
"Para adicionar mecanismos de recolha de dados intercetando chamadas sem alterar o código-fonte da aplicação, a equipa deve aplicar a técnica de {{c1::instrumentação automática::tipo de instrumentação}}[span_13](start_span)[span_13](end_span)."
"Para evitar a fadiga da equipa com ruído excessivo, o dimensionamento ideal de alertas deve ter como base técnica a definição de limites a partir de {{c1::SLIs e SLOs::indicadores e objetivos de nível de serviço}}[span_14](start_span)[span_14](end_span)."
"Para garantir que os alertas acionam respostas padronizadas e automatizadas durante um incidente, as equipas de DevOps utilizam documentos estruturados conhecidos como {{c1::runbooks::documentação de resposta}}[span_15](start_span)[span_15](end_span)."
"Aumentar a frequência da recolha de dados melhora a precisão do diagnóstico, mas exige que a equipa faça a gestão de um maior {{c1::custo::trade-off técnico}} de armazenamento e processamento analítico[span_16](start_span)[span_16](end_span)."
"Para equipas que priorizam a agilidade operacional e o foco no core business em vez de gerir infraestruturas de monitorização, a escolha ideal são plataformas de telemetria no modelo {{c1::SaaS::modelo de serviço}}[span_17](start_span)[span_17](end_span)."
"Para filtrar ocorrências relevantes no meio de muito ruído contextual e acionar a equipa correta, arquiteturas modernas utilizam algoritmos de Machine Learning para gerar {{c1::alertas inteligentes::tipo de notificação}}[span_18](start_span)[span_18](end_span)."
"Para evitar diagnósticos precipitados, como escalar serviços apenas por olhar isoladamente para uma CPU a 90%, deve-se realizar a {{c1::correlação::técnica de análise cruzada}} contínua entre métricas técnicas e de latência[span_19](start_span)[span_19](end_span)."
